Date,O,H,L,C,50_MA
2025-01-28 11:20:00,1.04352,1.04368,1.04337,1.0434,1.0435338
2025-01-28 11:25:00,1.04341,1.04422,1.04341,1.04415,1.0435438000000001
2025-01-28 11:30:00,1.04411,1.04443,1.04411,1.04424,1.0435557999999998
2025-01-28 11:35:00,1.04421,1.04436,1.04398,1.0441,1.0435622
2025-01-28 11:40:00,1.0441,1.04427,1.04405,1.04406,1.043566
2025-01-28 11:45:00,1.04406,1.04413,1.04344,1.0436,1.0435628
2025-01-28 11:50:00,1.04361,1.04368,1.04322,1.04341,1.0435566
2025-01-28 11:55:00,1.04341,1.0436,1.04323,1.0435,1.0435526
2025-01-28 12:00:00,1.04346,1.0437,1.04319,1.04348,1.043546
2025-01-28 12:05:00,1.04345,1.04359,1.04316,1.04338,1.043541
2025-01-28 12:10:00,1.04339,1.04366,1.04328,1.04344,1.0435292
2025-01-28 12:15:00,1.04344,1.04367,1.04304,1.04308,1.0435088000000001
2025-01-28 12:20:00,1.04307,1.0432,1.04294,1.04315,1.0434868
2025-01-28 12:25:00,1.04314,1.04338,1.04302,1.04315,1.0434636
2025-01-28 12:30:00,1.04314,1.04335,1.04302,1.04331,1.0434474
2025-01-28 12:35:00,1.04334,1.04349,1.04326,1.04336,1.0434298
2025-01-28 12:40:00,1.04335,1.0435699999999999,1.04317,1.04342,1.0434139999999998
2025-01-28 12:45:00,1.04342,1.04342,1.04299,1.04302,1.0433941999999998
2025-01-28 12:50:00,1.04303,1.04315,1.04249,1.0426,1.0433706
2025-01-28 12:55:00,1.04259,1.0427,1.04249,1.04249,1.0433468
2025-01-28 13:00:00,1.04245,1.04269,1.0424,1.0426,1.0433284
2025-01-28 13:05:00,1.04261,1.04311,1.0426,1.04306,1.0433146
2025-01-28 13:10:00,1.04304,1.04325,1.04294,1.04321,1.0433088
2025-01-28 13:15:00,1.04321,1.04321,1.04276,1.04286,1.0432866
2025-01-28 13:20:00,1.04282,1.04298,1.04276,1.04286,1.0432636
2025-01-28 13:25:00,1.04285,1.0429599999999999,1.04272,1.04277,1.0432401999999998
2025-01-28 13:30:00,1.04277,1.04294,1.04262,1.04262,1.0432138
2025-01-28 13:35:00,1.04262,1.04264,1.04232,1.04245,1.0431802000000001
2025-01-28 13:40:00,1.04245,1.04281,1.04245,1.04258,1.0431565999999999
2025-01-28 13:45:00,1.04257,1.04261,1.04226,1.04257,1.0431446
2025-01-28 13:50:00,1.04257,1.04276,1.04227,1.0427,1.0431362
2025-01-28 13:55:00,1.04267,1.04271,1.04225,1.04233,1.0431176
2025-01-28 14:00:00,1.04232,1.04242,1.04155,1.04175,1.0430898
2025-01-28 14:05:00,1.0417399999999999,1.04195,1.04138,1.04159,1.0430528
2025-01-28 14:10:00,1.04159,1.04215,1.04158,1.04192,1.0430268
2025-01-28 14:15:00,1.0419100000000001,1.04195,1.04144,1.04158,1.0429945999999999
2025-01-28 14:20:00,1.04158,1.04208,1.04154,1.04189,1.0429723999999998
2025-01-28 14:25:00,1.04189,1.04209,1.04186,1.042,1.0429473999999999
2025-01-28 14:30:00,1.042,1.04215,1.0417399999999999,1.04213,1.0429287999999999
2025-01-28 14:35:00,1.04211,1.04224,1.04187,1.04205,1.0429135999999999
2025-01-28 14:40:00,1.04202,1.04229,1.04187,1.04226,1.0428988
2025-01-28 14:45:00,1.04227,1.04238,1.04205,1.04226,1.0428811999999998
2025-01-28 14:50:00,1.04226,1.04255,1.04217,1.04218,1.0428588
2025-01-28 14:55:00,1.04216,1.0423499999999999,1.0417,1.04201,1.0428396
2025-01-28 15:00:00,1.04198,1.04217,1.04185,1.04196,1.042829
2025-01-28 15:05:00,1.04196,1.04217,1.04172,1.04211,1.042821
2025-01-28 15:10:00,1.04215,1.04239,1.04205,1.0423,1.0428162
2025-01-28 15:15:00,1.04232,1.04265,1.04229,1.0423,1.0428001999999998
2025-01-28 15:20:00,1.04232,1.04282,1.04232,1.04278,1.0427906
2025-01-28 15:25:00,1.04278,1.04278,1.0425200000000001,1.0425200000000001,1.0427708
2025-01-28 15:30:00,1.04251,1.04311,1.04247,1.04282,1.0427591999999999
2025-01-28 15:35:00,1.04281,1.04281,1.0424,1.04251,1.0427264
2025-01-28 15:40:00,1.0425200000000001,1.04295,1.0424,1.04292,1.0427000000000002
2025-01-28 15:45:00,1.04293,1.04303,1.04219,1.04225,1.0426630000000001
2025-01-28 15:50:00,1.04224,1.04249,1.04207,1.04242,1.0426302
2025-01-28 15:55:00,1.0424,1.0427,1.0423499999999999,1.04249,1.042608
2025-01-28 16:00:00,1.04246,1.04297,1.04245,1.04253,1.0425904
2025-01-28 16:05:00,1.04253,1.04295,1.0424,1.0425200000000001,1.0425708
2025-01-28 16:10:00,1.04255,1.04299,1.04251,1.04291,1.0425594
2025-01-28 16:15:00,1.0429,1.04314,1.04283,1.0431,1.0425538
2025-01-28 16:20:00,1.04312,1.0434,1.04311,1.04327,1.0425504
2025-01-28 16:25:00,1.0433,1.04346,1.04314,1.04321,1.0425529999999998
2025-01-28 16:30:00,1.04321,1.04375,1.0431,1.04356,1.0425612
2025-01-28 16:35:00,1.04358,1.04409,1.04353,1.04368,1.0425718
2025-01-28 16:40:00,1.04372,1.04382,1.04326,1.04326,1.0425708
2025-01-28 16:45:00,1.04327,1.0434,1.04291,1.04332,1.04257
2025-01-28 16:50:00,1.04332,1.04332,1.04283,1.043,1.0425616
2025-01-28 16:55:00,1.04302,1.04327,1.04297,1.04315,1.0425642000000002
2025-01-28 17:00:00,1.04311,1.04365,1.04311,1.0436,1.0425842
2025-01-28 17:05:00,1.0436,1.04383,1.04351,1.04375,1.0426094000000001
2025-01-28 17:10:00,1.04371,1.04376,1.04332,1.04371,1.0426316
2025-01-28 17:15:00,1.0437400000000001,1.04376,1.04334,1.04341,1.0426385999999999
2025-01-28 17:20:00,1.04342,1.0437400000000001,1.04334,1.0437,1.0426484
2025-01-28 17:25:00,1.04372,1.04377,1.04325,1.04372,1.0426656
2025-01-28 17:30:00,1.04367,1.04394,1.04356,1.0437400000000001,1.0426832
2025-01-28 17:35:00,1.04371,1.04382,1.04347,1.04381,1.042704
2025-01-28 17:40:00,1.0438,1.04381,1.04305,1.0431,1.0427136
2025-01-28 17:45:00,1.04309,1.04322,1.04286,1.04312,1.042727
2025-01-28 17:50:00,1.0431300000000001,1.04321,1.04239,1.04246,1.0427246
2025-01-28 17:55:00,1.04245,1.04258,1.04211,1.0424,1.0427212
2025-01-28 18:00:00,1.04241,1.04291,1.04237,1.04272,1.0427216
2025-01-28 18:05:00,1.04272,1.04311,1.04267,1.0431,1.042737
2025-01-28 18:10:00,1.04308,1.04327,1.04285,1.04286,1.0427591999999999
2025-01-28 18:15:00,1.04286,1.04304,1.04273,1.04281,1.0427836
2025-01-28 18:20:00,1.04276,1.0429,1.0426,1.04283,1.0428018000000001
2025-01-28 18:25:00,1.04282,1.04298,1.0426,1.04271,1.0428244
2025-01-28 18:30:00,1.0427,1.04279,1.04239,1.0425,1.0428366
2025-01-28 18:35:00,1.04251,1.04293,1.0423499999999999,1.04285,1.0428536
2025-01-28 18:40:00,1.04284,1.04305,1.04225,1.04239,1.0428588
2025-01-28 18:45:00,1.04242,1.04268,1.04242,1.0425200000000001,1.0428682
2025-01-28 18:50:00,1.04251,1.04261,1.04225,1.04241,1.0428712
2025-01-28 18:55:00,1.04246,1.04262,1.0423,1.0426,1.042878
2025-01-28 19:00:00,1.0426,1.04277,1.04249,1.04254,1.0428852
2025-01-28 19:05:00,1.04254,1.04287,1.04246,1.04286,1.0429022000000001
2025-01-28 19:10:00,1.04279,1.04287,1.04267,1.04267,1.0429164
2025-01-28 19:15:00,1.04267,1.04276,1.04251,1.04263,1.0429267999999998
2025-01-28 19:20:00,1.04263,1.04287,1.0425200000000001,1.04272,1.0429352
2025-01-28 19:25:00,1.04272,1.04297,1.04271,1.04273,1.0429438
2025-01-28 19:30:00,1.04272,1.04281,1.04257,1.04276,1.0429434
2025-01-28 19:35:00,1.04276,1.04322,1.04276,1.04321,1.0429572
2025-01-28 19:40:00,1.04323,1.04343,1.04304,1.04306,1.042962
2025-01-28 19:45:00,1.04307,1.04322,1.043,1.04307,1.0429732
2025-01-28 19:50:00,1.04307,1.0432,1.04297,1.04305,1.0429758
2025-01-28 19:55:00,1.04306,1.04311,1.04268,1.04278,1.0429864
2025-01-28 20:00:00,1.0428,1.04299,1.04265,1.04295,1.042997
2025-01-28 20:05:00,1.04295,1.04299,1.04279,1.04288,1.0430048
2025-01-28 20:10:00,1.04288,1.04297,1.04273,1.04285,1.0430112
2025-01-28 20:15:00,1.04288,1.043,1.04284,1.0429599999999999,1.0430199999999998
2025-01-28 20:20:00,1.04295,1.04332,1.04293,1.04326,1.043027
2025-01-28 20:25:00,1.04324,1.0436,1.04317,1.04347,1.0430344
2025-01-28 20:30:00,1.04346,1.04381,1.04346,1.04371,1.0430431999999998
2025-01-28 20:35:00,1.04371,1.04372,1.04273,1.04297,1.0430384000000001
2025-01-28 20:40:00,1.04297,1.04298,1.04251,1.04253,1.0430178
2025-01-28 20:45:00,1.04253,1.04277,1.0423499999999999,1.04273,1.0429988000000001
2025-01-28 20:50:00,1.04273,1.04275,1.04253,1.04257,1.0429849999999998
2025-01-28 20:55:00,1.04256,1.04277,1.04247,1.04264,1.0429713999999999
2025-01-28 21:00:00,1.04263,1.04291,1.04245,1.04286,1.0429686
2025-01-28 21:05:00,1.04287,1.0429,1.04241,1.04242,1.042954
2025-01-28 21:10:00,1.0424,1.04256,1.04233,1.04237,1.0429294
2025-01-28 21:15:00,1.04237,1.0426,1.04225,1.04258,1.0429059999999999
2025-01-28 21:20:00,1.04258,1.0426,1.04236,1.0424,1.0428798000000001
2025-01-28 21:25:00,1.04239,1.04275,1.04239,1.04271,1.0428658
2025-01-28 21:30:00,1.04268,1.04298,1.04267,1.04289,1.0428496
2025-01-28 21:35:00,1.04287,1.04305,1.04287,1.04305,1.0428362
2025-01-28 21:40:00,1.04307,1.04323,1.04307,1.0432,1.0428254
2025-01-28 21:45:00,1.04321,1.04346,1.04321,1.04346,1.0428184
2025-01-28 21:50:00,1.04345,1.04365,1.04336,1.04356,1.0428276
2025-01-28 21:55:00,1.04355,1.04366,1.04348,1.0435,1.0428351999999999
2025-01-28 22:00:00,1.0435,1.0435,1.04308,1.04308,1.0428476
2025-01-28 22:05:00,1.04309,1.04335,1.04294,1.0433,1.0428656
2025-01-28 22:10:00,1.04328,1.04334,1.04307,1.04326,1.0428764
2025-01-28 22:15:00,1.04322,1.04342,1.04319,1.04341,1.0428826
2025-01-28 22:20:00,1.04341,1.0435,1.04327,1.04346,1.0428946
2025-01-28 22:25:00,1.04346,1.04353,1.04328,1.04332,1.0429048
2025-01-28 22:30:00,1.04331,1.0434,1.04327,1.04329,1.042914
2025-01-28 22:35:00,1.04328,1.0433,1.04311,1.04316,1.042923
2025-01-28 22:40:00,1.04317,1.04324,1.04314,1.0432,1.042937
2025-01-28 22:45:00,1.0432,1.0433,1.043,1.0433,1.042946
2025-01-28 22:50:00,1.04324,1.04334,1.04316,1.04317,1.0429616
2025-01-28 22:55:00,1.04317,1.04328,1.04309,1.04316,1.0429744
2025-01-28 23:00:00,1.04314,1.04323,1.04308,1.0432,1.0429902
2025-01-28 23:05:00,1.04319,1.04335,1.04319,1.04333,1.0430047999999998
2025-01-28 23:10:00,1.04333,1.04336,1.04328,1.0433,1.04302
2025-01-28 23:15:00,1.04329,1.04339,1.04326,1.04339,1.0430306
2025-01-28 23:20:00,1.04335,1.04335,1.04315,1.04324,1.043042
2025-01-28 23:25:00,1.04323,1.04324,1.04303,1.04305,1.0430504
2025-01-28 23:30:00,1.04304,1.04311,1.04298,1.04305,1.0430570000000001
2025-01-28 23:35:00,1.04304,1.04307,1.04302,1.04304,1.0430632
2025-01-28 23:40:00,1.04304,1.04306,1.04301,1.04306,1.0430692
2025-01-28 23:45:00,1.04306,1.04309,1.04301,1.04302,1.0430654
2025-01-28 23:50:00,1.04301,1.04306,1.04301,1.04306,1.0430654
2025-01-28 23:55:00,1.04292,1.04305,1.04283,1.04287,1.0430614
2025-01-29 00:00:00,1.04238,1.043,1.04236,1.04259,1.0430522
2025-01-29 00:05:00,1.04262,1.04274,1.04259,1.04259,1.0430484
2025-01-29 00:10:00,1.04265,1.04277,1.04259,1.04268,1.043043
2025-01-29 00:15:00,1.04265,1.04278,1.0426,1.04266,1.0430386
2025-01-29 00:20:00,1.04271,1.04273,1.04247,1.04273,1.0430362000000002
2025-01-29 00:25:00,1.04281,1.04281,1.0426,1.0428,1.043033
2025-01-29 00:30:00,1.0428,1.0428,1.04276,1.0428,1.0430238
2025-01-29 00:35:00,1.04279,1.04282,1.04278,1.04282,1.0430108
2025-01-29 00:40:00,1.04282,1.04282,1.04274,1.0428,1.0429926
2025-01-29 00:45:00,1.04278,1.04281,1.04273,1.04278,1.0429888
2025-01-29 00:50:00,1.04278,1.04282,1.04263,1.0428,1.0429941999999999
2025-01-29 00:55:00,1.0428,1.04283,1.04266,1.04282,1.042996
2025-01-29 01:00:00,1.04277,1.0429599999999999,1.04269,1.04288,1.0430022
2025-01-29 01:05:00,1.04287,1.04288,1.04274,1.04282,1.0430058000000002
2025-01-29 01:10:00,1.04277,1.04277,1.04265,1.04271,1.0430028
2025-01-29 01:15:00,1.04272,1.04281,1.04271,1.0428,1.0430104
2025-01-29 01:20:00,1.04277,1.04283,1.04276,1.04281,1.0430192
2025-01-29 01:25:00,1.04281,1.04297,1.04276,1.0429599999999999,1.0430268
2025-01-29 01:30:00,1.04297,1.043,1.04289,1.04292,1.0430371999999999
2025-01-29 01:35:00,1.04291,1.04292,1.04278,1.04281,1.0430392
2025-01-29 01:40:00,1.04281,1.04284,1.04277,1.04279,1.0430371999999999
2025-01-29 01:45:00,1.04279,1.04282,1.04275,1.0428,1.0430321999999999
2025-01-29 01:50:00,1.04279,1.04289,1.04274,1.04288,1.0430258000000001
2025-01-29 01:55:00,1.04289,1.0429599999999999,1.0427,1.04272,1.043011
2025-01-29 02:00:00,1.04273,1.0432,1.04269,1.04315,1.0430028
2025-01-29 02:05:00,1.04316,1.0434,1.04315,1.04338,1.0430004000000002
2025-01-29 02:10:00,1.04339,1.04339,1.04325,1.04335,1.0430058
2025-01-29 02:15:00,1.04335,1.04342,1.0432,1.0432,1.0430038
2025-01-29 02:20:00,1.04318,1.04327,1.04309,1.04324,1.0430034000000001
2025-01-29 02:25:00,1.04324,1.04336,1.04319,1.04319,1.042999
2025-01-29 02:30:00,1.0429599999999999,1.04315,1.04287,1.04301,1.04299
2025-01-29 02:35:00,1.04302,1.04309,1.04292,1.04306,1.0429848
2025-01-29 02:40:00,1.04306,1.04328,1.04306,1.04322,1.0429834
2025-01-29 02:45:00,1.04324,1.04333,1.04311,1.04312,1.0429826
2025-01-29 02:50:00,1.04314,1.04323,1.04286,1.04311,1.0429808
2025-01-29 02:55:00,1.04314,1.04315,1.0429599999999999,1.04303,1.0429754
2025-01-29 03:00:00,1.04304,1.0432,1.04304,1.04312,1.0429743999999999
2025-01-29 03:05:00,1.04312,1.04318,1.04295,1.04299,1.042971
2025-01-29 03:10:00,1.043,1.04315,1.04299,1.04315,1.04297
2025-01-29 03:15:00,1.04316,1.04332,1.04297,1.04305,1.0429644
2025-01-29 03:20:00,1.04305,1.04321,1.04304,1.04315,1.0429614
2025-01-29 03:25:00,1.04315,1.04341,1.04314,1.04325,1.0429586
2025-01-29 03:30:00,1.04326,1.04334,1.0431300000000001,1.04317,1.0429572
2025-01-29 03:35:00,1.04316,1.04323,1.0431,1.0432,1.0429602
2025-01-29 03:40:00,1.0432,1.0432,1.04294,1.04306,1.0429604
2025-01-29 03:45:00,1.04304,1.0431300000000001,1.04295,1.04303,1.0429602
2025-01-29 03:50:00,1.04302,1.04314,1.0429,1.0429,1.0429570000000001
2025-01-29 03:55:00,1.04292,1.04295,1.04271,1.04272,1.042951
2025-01-29 04:00:00,1.04268,1.0429,1.04258,1.0429,1.0429478
2025-01-29 04:05:00,1.0429,1.04307,1.04289,1.04298,1.04295
2025-01-29 04:10:00,1.04297,1.04324,1.04297,1.04315,1.0429612
2025-01-29 04:15:00,1.04316,1.04321,1.04297,1.04304,1.0429702
2025-01-29 04:20:00,1.04304,1.04315,1.0429599999999999,1.04298,1.0429762
2025-01-29 04:25:00,1.04299,1.04301,1.04289,1.04299,1.0429827999999999
2025-01-29 04:30:00,1.04298,1.04319,1.04291,1.04309,1.0429899999999999
2025-01-29 04:35:00,1.04309,1.04323,1.04305,1.04321,1.0429982
2025-01-29 04:40:00,1.04322,1.04341,1.04315,1.04316,1.0430054
2025-01-29 04:45:00,1.04316,1.04344,1.04314,1.04328,1.0430146
2025-01-29 04:50:00,1.04326,1.04355,1.04326,1.04349,1.0430284
2025-01-29 04:55:00,1.04349,1.04354,1.04336,1.04337,1.0430401999999999
2025-01-29 05:00:00,1.04338,1.04344,1.0433,1.0434,1.0430522
2025-01-29 05:05:00,1.04339,1.04344,1.04325,1.04328,1.0430614
2025-01-29 05:10:00,1.04327,1.04351,1.04325,1.04349,1.0430735999999998
2025-01-29 05:15:00,1.04348,1.04349,1.0433,1.04332,1.0430835999999999
2025-01-29 05:20:00,1.04329,1.04349,1.04312,1.04348,1.043099
2025-01-29 05:25:00,1.04349,1.04365,1.04337,1.04359,1.0431148000000001
2025-01-29 05:30:00,1.04359,1.04359,1.04342,1.04351,1.0431288
2025-01-29 05:35:00,1.04352,1.04369,1.04352,1.04359,1.0431414
2025-01-29 05:40:00,1.0436,1.04373,1.0436,1.04367,1.0431564
2025-01-29 05:45:00,1.04368,1.04384,1.04366,1.04366,1.0431734
2025-01-29 05:50:00,1.04364,1.0438,1.04362,1.04378,1.0431932000000002
2025-01-29 05:55:00,1.04378,1.04389,1.04371,1.04373,1.0432118
2025-01-29 06:00:00,1.04373,1.044,1.04373,1.04399,1.043234
2025-01-29 06:05:00,1.04398,1.04404,1.04383,1.04402,1.04326
2025-01-29 06:10:00,1.04402,1.04419,1.04397,1.04409,1.0432788
2025-01-29 06:15:00,1.0441,1.04424,1.04409,1.04424,1.043296
2025-01-29 06:20:00,1.04423,1.04424,1.04396,1.04396,1.0433082
2025-01-29 06:25:00,1.04395,1.044,1.04388,1.04398,1.0433238
2025-01-29 06:30:00,1.04398,1.04404,1.04393,1.04404,1.0433398
2025-01-29 06:35:00,1.04405,1.04412,1.044,1.04405,1.043357
2025-01-29 06:40:00,1.04405,1.04405,1.04375,1.0438,1.0433728
2025-01-29 06:45:00,1.0438,1.04395,1.04379,1.04388,1.0433892
2025-01-29 06:50:00,1.04389,1.044,1.04386,1.04386,1.043402
2025-01-29 06:55:00,1.04387,1.04388,1.04375,1.04385,1.0434166
2025-01-29 07:00:00,1.04384,1.04389,1.0437,1.04383,1.043431
2025-01-29 07:05:00,1.04383,1.0439,1.04377,1.04382,1.0434468000000001
2025-01-29 07:10:00,1.04383,1.04394,1.04383,1.04392,1.0434628000000001
2025-01-29 07:15:00,1.04392,1.04399,1.04383,1.04398,1.0434826
2025-01-29 07:20:00,1.04398,1.04407,1.04396,1.04403,1.0435002
2025-01-29 07:25:00,1.04403,1.04406,1.04388,1.04393,1.0435178
2025-01-29 07:30:00,1.04392,1.04392,1.04372,1.04386,1.043532
2025-01-29 07:35:00,1.04385,1.04389,1.0437400000000001,1.04375,1.043542
2025-01-29 07:40:00,1.04375,1.04376,1.0435699999999999,1.04358,1.0435501999999999
2025-01-29 07:45:00,1.0435699999999999,1.04379,1.04354,1.04377,1.0435616
2025-01-29 07:50:00,1.04379,1.04383,1.04375,1.04378,1.043576
2025-01-29 07:55:00,1.04377,1.04402,1.04375,1.04401,1.0435956
2025-01-29 08:00:00,1.04407,1.04434,1.04407,1.0443,1.0436235999999999
2025-01-29 08:05:00,1.04429,1.04431,1.04388,1.04388,1.0436468
2025-01-29 08:10:00,1.04389,1.0441,1.04384,1.04409,1.0436706
2025-01-29 08:15:00,1.04409,1.04423,1.04399,1.04423,1.0436956
2025-01-29 08:20:00,1.04423,1.04424,1.04409,1.0442,1.0437166
2025-01-29 08:25:00,1.04419,1.0443,1.04408,1.04412,1.0437382
2025-01-29 08:30:00,1.04412,1.04415,1.04398,1.04409,1.0437603999999998
2025-01-29 08:35:00,1.04409,1.04423,1.04403,1.04423,1.0437852
2025-01-29 08:40:00,1.04423,1.0443500000000001,1.04417,1.04423,1.043808
2025-01-29 08:45:00,1.04423,1.04424,1.04405,1.04413,1.0438264
2025-01-29 08:50:00,1.04412,1.0441799999999999,1.04391,1.04393,1.0438418
2025-01-29 08:55:00,1.04393,1.04411,1.04364,1.04372,1.0438505999999999
2025-01-29 09:00:00,1.04371,1.04377,1.04349,1.04354,1.0438516
2025-01-29 09:05:00,1.04352,1.0435699999999999,1.04329,1.0433,1.0438502
2025-01-29 09:10:00,1.04328,1.0435,1.04325,1.04339,1.04385
2025-01-29 09:15:00,1.04339,1.0435,1.04319,1.04332,1.0438508
2025-01-29 09:20:00,1.04333,1.04345,1.04263,1.04263,1.0438336000000001
2025-01-29 09:25:00,1.04266,1.0427,1.04181,1.04215,1.0438102
2025-01-29 09:30:00,1.04215,1.04223,1.04184,1.04203,1.0437812
2025-01-29 09:35:00,1.04198,1.0423,1.04196,1.04217,1.0437527999999998
2025-01-29 09:40:00,1.04215,1.04226,1.04183,1.04183,1.0437192
2025-01-29 09:45:00,1.04184,1.04212,1.04149,1.04155,1.0436784000000001
2025-01-29 09:50:00,1.04155,1.04184,1.04149,1.04154,1.0436358
2025-01-29 09:55:00,1.04154,1.04172,1.04131,1.04159,1.0435944
2025-01-29 10:00:00,1.04169,1.04206,1.04169,1.04178,1.0435544
2025-01-29 10:05:00,1.04179,1.0424,1.04179,1.04233,1.0435264000000002
2025-01-29 10:10:00,1.04233,1.04266,1.04233,1.04239,1.0434944
2025-01-29 10:15:00,1.04239,1.04295,1.04228,1.04277,1.0434694
2025-01-29 10:20:00,1.04278,1.04281,1.04243,1.04245,1.0434366
2025-01-29 10:25:00,1.04243,1.04257,1.04233,1.04254,1.0434026
2025-01-29 10:30:00,1.04255,1.0427,1.0425,1.0426,1.0433754
2025-01-29 10:35:00,1.04261,1.04291,1.04253,1.04283,1.0433524
2025-01-29 10:40:00,1.04282,1.04304,1.04257,1.04271,1.0433257999999999
2025-01-29 10:45:00,1.04273,1.04291,1.04255,1.04258,1.0432964
2025-01-29 10:50:00,1.04261,1.04266,1.0422,1.0423499999999999,1.0432674
2025-01-29 10:55:00,1.04234,1.04254,1.0423,1.04241,1.043238
2025-01-29 11:00:00,1.04238,1.04245,1.04145,1.04145,1.0431898
2025-01-29 11:05:00,1.04145,1.04145,1.0409,1.04123,1.0431374
2025-01-29 11:10:00,1.04124,1.04141,1.04096,1.04126,1.043086
2025-01-29 11:15:00,1.04131,1.04147,1.0413000000000001,1.04142,1.043038
2025-01-29 11:20:00,1.04142,1.04153,1.04107,1.04121,1.0429838
2025-01-29 11:25:00,1.04121,1.04145,1.04116,1.04137,1.0429316
2025-01-29 11:30:00,1.04138,1.04169,1.04136,1.04163,1.0428836
2025-01-29 11:35:00,1.04152,1.04185,1.04152,1.0417,1.0428389999999998
2025-01-29 11:40:00,1.04168,1.04168,1.04109,1.0414,1.0427898
2025-01-29 11:45:00,1.04142,1.04143,1.04087,1.04104,1.0427356
2025-01-29 11:50:00,1.04105,1.04116,1.0406,1.04065,1.042677
2025-01-29 11:55:00,1.04064,1.04067,1.0402,1.04038,1.0426092
2025-01-29 12:00:00,1.04036,1.04056,1.04025,1.04044,1.0425423999999999
2025-01-29 12:05:00,1.04042,1.04042,1.03991,1.04023,1.0424668
2025-01-29 12:10:00,1.04026,1.04029,1.03969,1.03984,1.0423776
2025-01-29 12:15:00,1.03981,1.04008,1.03946,1.03985,1.042297
2025-01-29 12:20:00,1.03985,1.04033,1.03985,1.04018,1.0422188
2025-01-29 12:25:00,1.04018,1.04044,1.04013,1.04043,1.0421428
2025-01-29 12:30:00,1.04043,1.04083,1.04035,1.04074,1.0420736
2025-01-29 12:35:00,1.04075,1.04075,1.04025,1.04025,1.0419962
2025-01-29 12:40:00,1.04027,1.04042,1.03999,1.04018,1.041918
2025-01-29 12:45:00,1.04017,1.04025,1.0399,1.04015,1.0418364
2025-01-29 12:50:00,1.04013,1.04023,1.03985,1.04005,1.0417528
2025-01-29 12:55:00,1.04006,1.04048,1.04003,1.04035,1.0416772
2025-01-29 13:00:00,1.04036,1.04043,1.04016,1.04038,1.0416062
2025-01-29 13:05:00,1.04036,1.04048,1.04027,1.04039,1.0415396
2025-01-29 13:10:00,1.04037,1.04073,1.04036,1.04072,1.0414832
2025-01-29 13:15:00,1.04074,1.04074,1.04031,1.04052,1.0414276
2025-01-29 13:20:00,1.04051,1.04068,1.0404,1.04044,1.0413686
2025-01-29 13:25:00,1.04044,1.04069,1.04043,1.04057,1.0413136
2025-01-29 13:30:00,1.04057,1.04081,1.04048,1.04052,1.0412714
2025-01-29 13:35:00,1.04054,1.04068,1.04,1.04001,1.0412286
2025-01-29 13:40:00,1.04,1.04016,1.03993,1.04,1.041188
2025-01-29 13:45:00,1.04,1.04016,1.03986,1.03997,1.041144
2025-01-29 13:50:00,1.03997,1.04002,1.0397,1.03994,1.0411062
2025-01-29 13:55:00,1.03994,1.04022,1.03994,1.04015,1.0410781999999998
2025-01-29 14:00:00,1.04015,1.04034,1.04006,1.04028,1.041053
2025-01-29 14:05:00,1.0403,1.0404,1.0401,1.04014,1.041024
2025-01-29 14:10:00,1.04013,1.0403,1.03985,1.03987,1.0409858
2025-01-29 14:15:00,1.03983,1.04001,1.03936,1.03976,1.0409344
2025-01-29 14:20:00,1.03977,1.04001,1.03956,1.03967,1.04088
2025-01-29 14:25:00,1.03966,1.03993,1.03951,1.03955,1.0408156000000002
2025-01-29 14:30:00,1.03952,1.04014,1.03949,1.03983,1.0407632
2025-01-29 14:35:00,1.03984,1.04007,1.03982,1.04006,1.0407136
2025-01-29 14:40:00,1.04006,1.04034,1.04005,1.04026,1.0406668
2025-01-29 14:45:00,1.04026,1.04031,1.04009,1.04009,1.040612
2025-01-29 14:50:00,1.0401,1.04033,1.03994,1.04018,1.0405614
2025-01-29 14:55:00,1.04017,1.04047,1.03995,1.0404,1.0405178000000002
2025-01-29 15:00:00,1.04039,1.04056,1.03998,1.04018,1.0404744000000001
2025-01-29 15:05:00,1.04018,1.04021,1.03956,1.03962,1.0404186
2025-01-29 15:10:00,1.03964,1.03974,1.03881,1.03919,1.0403734
2025-01-29 15:15:00,1.03918,1.0392,1.03857,1.03863,1.0403214
2025-01-29 15:20:00,1.03862,1.03907,1.03849,1.03851,1.0402664
2025-01-29 15:25:00,1.03836,1.0388,1.03822,1.03874,1.0402128
2025-01-29 15:30:00,1.03875,1.03892,1.03833,1.03865,1.0401616
2025-01-29 15:35:00,1.03865,1.03928,1.03845,1.03906,1.0401154
2025-01-29 15:40:00,1.03907,1.03921,1.03877,1.03888,1.0400604
2025-01-29 15:45:00,1.03886,1.03901,1.03841,1.03843,1.0399950000000002
2025-01-29 15:50:00,1.03842,1.03887,1.03822,1.03876,1.0399422
2025-01-29 15:55:00,1.03874,1.03895,1.03853,1.03874,1.0398962
2025-01-29 16:00:00,1.03877,1.03911,1.03864,1.039,1.0398631999999999
2025-01-29 16:05:00,1.03899,1.03954,1.03899,1.0395,1.0398456
2025-01-29 16:10:00,1.0395,1.03972,1.03937,1.03963,1.0398294000000001
2025-01-29 16:15:00,1.03966,1.03985,1.03959,1.03977,1.0398202
2025-01-29 16:20:00,1.03977,1.03991,1.03954,1.03988,1.039821
2025-01-29 16:25:00,1.03987,1.03991,1.03953,1.03966,1.0398172
2025-01-29 16:30:00,1.03969,1.03996,1.03947,1.03948,1.0398032000000001
2025-01-29 16:35:00,1.03948,1.03981,1.0392,1.03967,1.0397880000000002
2025-01-29 16:40:00,1.03972,1.03991,1.0395,1.03967,1.0397666
2025-01-29 16:45:00,1.03967,1.04005,1.03947,1.0395,1.0397516
2025-01-29 16:50:00,1.03951,1.03983,1.03936,1.03956,1.0397392
2025-01-29 16:55:00,1.03956,1.04015,1.03945,1.0401,1.0397382
2025-01-29 17:00:00,1.04011,1.04013,1.03945,1.03992,1.0397356
2025-01-29 17:05:00,1.03994,1.04017,1.03956,1.04013,1.0397312
2025-01-29 17:10:00,1.04014,1.04066,1.04008,1.04056,1.0397348000000002
2025-01-29 17:15:00,1.04056,1.04114,1.04055,1.04087,1.0397444
2025-01-29 17:20:00,1.04086,1.04098,1.04059,1.04063,1.0397426
2025-01-29 17:25:00,1.04059,1.04085,1.04055,1.04067,1.0397456
2025-01-29 17:30:00,1.04068,1.0411,1.04067,1.04102,1.0397572000000002
2025-01-29 17:35:00,1.04101,1.0415,1.0408,1.0415,1.0397758000000001
2025-01-29 17:40:00,1.04149,1.04267,1.04126,1.0425200000000001,1.0398158
2025-01-29 17:45:00,1.0425,1.0427,1.04192,1.04226,1.0398608
2025-01-29 17:50:00,1.04225,1.04251,1.04176,1.04184,1.0398976
2025-01-29 17:55:00,1.04184,1.04226,1.0417,1.04193,1.0399368
2025-01-29 18:00:00,1.04192,1.04239,1.0416,1.04219,1.0399818
2025-01-29 18:05:00,1.04219,1.04226,1.04116,1.04124,1.0400036
2025-01-29 18:10:00,1.04117,1.04187,1.04114,1.04172,1.0400324
2025-01-29 18:15:00,1.04173,1.04198,1.04149,1.04176,1.0400648
2025-01-29 18:20:00,1.04177,1.04198,1.04144,1.04169,1.0401012
2025-01-29 18:25:00,1.0417,1.0419100000000001,1.04145,1.0417399999999999,1.0401407999999999
2025-01-29 18:30:00,1.0417399999999999,1.04198,1.04173,1.04189,1.0401852
2025-01-29 18:35:00,1.04189,1.04219,1.04156,1.04164,1.040227
2025-01-29 18:40:00,1.04164,1.04178,1.04157,1.0416,1.0402624
2025-01-29 18:45:00,1.0416,1.04177,1.04134,1.04177,1.0402966
2025-01-29 18:50:00,1.04177,1.04195,1.04146,1.04162,1.0403238000000001
2025-01-29 18:55:00,1.04162,1.04184,1.04147,1.04158,1.0403536000000002
2025-01-29 19:00:00,1.04157,1.04264,1.04153,1.04259,1.0404018
2025-01-29 19:05:00,1.04259,1.04266,1.0422,1.04224,1.0404385999999999
2025-01-29 19:10:00,1.04222,1.04256,1.0421,1.04256,1.0404862
2025-01-29 19:15:00,1.04257,1.04282,1.04239,1.04239,1.0405416
2025-01-29 19:20:00,1.04238,1.04283,1.04238,1.04253,1.0406084
2025-01-29 19:25:00,1.04253,1.04281,1.04206,1.04225,1.0406807999999999
2025-01-29 19:30:00,1.04226,1.0424,1.0419,1.04194,1.0407494
2025-01-29 19:35:00,1.04194,1.04199,1.04164,1.04182,1.040811
2025-01-29 19:40:00,1.04184,1.04221,1.0417399999999999,1.0422,1.040882
2025-01-29 19:45:00,1.04219,1.04234,1.04205,1.04227,1.0409462
2025-01-29 19:50:00,1.04226,1.0423,1.04197,1.04211,1.0410108
2025-01-29 19:55:00,1.04213,1.04222,1.04202,1.04212,1.0410846
2025-01-29 20:00:00,1.04214,1.04214,1.04153,1.04208,1.041151
2025-01-29 20:05:00,1.04209,1.04232,1.04168,1.04224,1.041221
2025-01-29 20:10:00,1.04223,1.04232,1.04207,1.04229,1.0412868
2025-01-29 20:15:00,1.04229,1.04237,1.04214,1.04236,1.041344
2025-01-29 20:20:00,1.04236,1.04239,1.04201,1.04222,1.0413957999999999
2025-01-29 20:25:00,1.04225,1.04244,1.04223,1.04232,1.0414468
2025-01-29 20:30:00,1.04229,1.04243,1.04221,1.04236,1.0414964
2025-01-29 20:35:00,1.04236,1.04236,1.04212,1.04212,1.0415455999999998
2025-01-29 20:40:00,1.04218,1.0423,1.042,1.04216,1.0415992
2025-01-29 20:45:00,1.04213,1.04219,1.04184,1.04187,1.0416432
2025-01-29 20:50:00,1.04187,1.04187,1.04157,1.04167,1.0416832
2025-01-29 20:55:00,1.04168,1.04205,1.04162,1.04186,1.0417304
2025-01-29 21:00:00,1.04202,1.04225,1.03988,1.04031,1.0417454
2025-01-29 21:05:00,1.04025,1.04036,1.03928,1.04006,1.0417446
2025-01-29 21:10:00,1.04005,1.04053,1.03934,1.04046,1.0417554
2025-01-29 21:15:00,1.04051,1.04054,1.03953,1.04001,1.041753
2025-01-29 21:20:00,1.04,1.04054,1.03996,1.04038,1.0417493999999998
2025-01-29 21:25:00,1.04038,1.04038,1.03954,1.03967,1.0417254
2025-01-29 21:30:00,1.03963,1.04067,1.0393,1.04025,1.0417178
2025-01-29 21:35:00,1.04022,1.04147,1.03882,1.04136,1.0417315999999999
2025-01-29 21:40:00,1.04136,1.04233,1.04129,1.04228,1.0417568
2025-01-29 21:45:00,1.04231,1.0423499999999999,1.04147,1.04147,1.0417562
2025-01-29 21:50:00,1.04145,1.04287,1.04137,1.04211,1.0417480000000001
2025-01-29 21:55:00,1.0421,1.04262,1.04127,1.04163,1.0417353999999999
2025-01-29 22:00:00,1.04159,1.042,1.04132,1.0415,1.0417286
2025-01-29 22:05:00,1.0415,1.04208,1.04141,1.04184,1.0417268
2025-01-29 22:10:00,1.04183,1.04253,1.04041,1.04195,1.0417219999999998
2025-01-29 22:15:00,1.0419,1.04208,1.04115,1.04157,1.0417286
2025-01-29 22:20:00,1.04158,1.04247,1.04158,1.04219,1.041738
2025-01-29 22:25:00,1.04219,1.04222,1.04146,1.04149,1.0417326
2025-01-29 22:30:00,1.0415,1.0416,1.04118,1.04137,1.0417262
2025-01-29 22:35:00,1.04137,1.0415,1.04106,1.0411,1.0417134
2025-01-29 22:40:00,1.04117,1.04148,1.04097,1.04097,1.041695
2025-01-29 22:45:00,1.04094,1.04105,1.0406,1.04085,1.0416792
2025-01-29 22:50:00,1.04085,1.04131,1.04069,1.04121,1.0416714
2025-01-29 22:55:00,1.04124,1.04131,1.04103,1.04104,1.0416568000000002
2025-01-29 23:00:00,1.04102,1.04121,1.04089,1.04097,1.0416438000000001
2025-01-29 23:05:00,1.04097,1.0413000000000001,1.04096,1.04129,1.0416379999999998
2025-01-29 23:10:00,1.04129,1.04167,1.04129,1.04165,1.0416192000000002
2025-01-29 23:15:00,1.04165,1.04188,1.04152,1.04171,1.0416086
2025-01-29 23:20:00,1.04173,1.04173,1.04158,1.04165,1.0415904
2025-01-29 23:25:00,1.04164,1.0419,1.04157,1.04179,1.0415784000000001
2025-01-29 23:30:00,1.04179,1.04185,1.04142,1.04157,1.0415592
2025-01-29 23:35:00,1.04152,1.04152,1.04134,1.04141,1.0415424
2025-01-29 23:40:00,1.04141,1.04168,1.04137,1.04167,1.041537
2025-01-29 23:45:00,1.04167,1.04188,1.04167,1.04187,1.041538
2025-01-29 23:50:00,1.04188,1.04215,1.04188,1.04214,1.0415368
2025-01-29 23:55:00,1.04206,1.04214,1.04184,1.04202,1.0415318
2025-01-30 00:00:00,1.04176,1.04192,1.04169,1.04169,1.0415234
2025-01-30 00:05:00,1.04166,1.04169,1.04149,1.04165,1.041514
2025-01-30 00:10:00,1.0416,1.0417399999999999,1.04146,1.04163,1.0415050000000001
2025-01-30 00:15:00,1.04166,1.04179,1.04151,1.04155,1.0414912
2025-01-30 00:20:00,1.04157,1.04185,1.04157,1.04185,1.0414824
2025-01-30 00:25:00,1.04185,1.04204,1.04185,1.04204,1.041476
2025-01-30 00:30:00,1.04198,1.04206,1.04198,1.04205,1.0414726
2025-01-30 00:35:00,1.04202,1.04213,1.04195,1.04202,1.0414666000000001
2025-01-30 00:40:00,1.04205,1.04205,1.04193,1.04199,1.0414592
2025-01-30 00:45:00,1.04199,1.042,1.0419100000000001,1.04196,1.041456
2025-01-30 00:50:00,1.04202,1.0421,1.04188,1.04206,1.0414539999999999
2025-01-30 00:55:00,1.04207,1.04209,1.04205,1.04205,1.0414576
2025-01-30 01:00:00,1.042,1.04225,1.04199,1.04213,1.0414668
2025-01-30 01:05:00,1.04216,1.0422,1.04209,1.04209,1.0414714
2025-01-30 01:10:00,1.0421,1.0421,1.04179,1.04192,1.0415036
2025-01-30 01:15:00,1.04193,1.04212,1.04193,1.04212,1.0415447999999998
2025-01-30 01:20:00,1.04212,1.04218,1.04207,1.04217,1.041579
2025-01-30 01:25:00,1.04216,1.04219,1.04213,1.04219,1.0416226
2025-01-30 01:30:00,1.04217,1.0422,1.04212,1.04217,1.0416584
2025-01-30 01:35:00,1.04217,1.04255,1.04211,1.04236,1.0417122
2025-01-30 01:40:00,1.0423499999999999,1.0426,1.04234,1.04257,1.0417586
2025-01-30 01:45:00,1.04256,1.04273,1.04254,1.04264,1.0417842
2025-01-30 01:50:00,1.04267,1.0427,1.04249,1.0425,1.0417886
2025-01-30 01:55:00,1.04248,1.04255,1.04242,1.04245,1.0418082
2025-01-30 02:00:00,1.04245,1.04254,1.04238,1.04254,1.0418168
2025-01-30 02:05:00,1.04254,1.04281,1.04253,1.04279,1.04184
2025-01-30 02:10:00,1.04279,1.04283,1.04271,1.04276,1.0418652
2025-01-30 02:15:00,1.04276,1.04282,1.04267,1.04279,1.0418842000000001
2025-01-30 02:20:00,1.04279,1.04288,1.04271,1.04275,1.0419002
2025-01-30 02:25:00,1.04273,1.04276,1.04262,1.0427,1.0419228
2025-01-30 02:30:00,1.04269,1.04271,1.04249,1.04249,1.0419288
2025-01-30 02:35:00,1.0425,1.0426,1.0425,1.04259,1.0419508
2025-01-30 02:40:00,1.04259,1.0427,1.04254,1.0427,1.0419774
2025-01-30 02:45:00,1.04271,1.04275,1.04259,1.04267,1.0420088
2025-01-30 02:50:00,1.04268,1.04274,1.0425200000000001,1.04265,1.0420424
2025-01-30 02:55:00,1.04264,1.04264,1.04249,1.0426,1.0420774
2025-01-30 03:00:00,1.04258,1.0426,1.04212,1.04214,1.042096
2025-01-30 03:05:00,1.04214,1.04226,1.04202,1.04221,1.0421194
2025-01-30 03:10:00,1.04224,1.0423,1.0421,1.04229,1.0421458
2025-01-30 03:15:00,1.04228,1.0423,1.04205,1.04211,1.0421622000000001
2025-01-30 03:20:00,1.04211,1.04214,1.0419,1.04196,1.0421684
2025-01-30 03:25:00,1.04197,1.04217,1.04192,1.04205,1.0421752
2025-01-30 03:30:00,1.04206,1.04222,1.04195,1.04216,1.0421854
2025-01-30 03:35:00,1.04216,1.04223,1.04213,1.0422,1.0421936
2025-01-30 03:40:00,1.04221,1.04222,1.04205,1.04212,1.0422046
2025-01-30 03:45:00,1.04213,1.04218,1.0421,1.04212,1.0422188
2025-01-30 03:50:00,1.04213,1.0422,1.04204,1.04218,1.042229
2025-01-30 03:55:00,1.04219,1.04221,1.04198,1.042,1.0422316
2025-01-30 04:00:00,1.042,1.04214,1.04199,1.0421,1.0422308
2025-01-30 04:05:00,1.0421,1.04251,1.0421,1.04247,1.0422398000000002
2025-01-30 04:10:00,1.04247,1.04261,1.0424,1.04261,1.0422582
2025-01-30 04:15:00,1.0426,1.04267,1.04241,1.04266,1.0422784
2025-01-30 04:20:00,1.04266,1.04266,1.0423,1.04234,1.0422926
2025-01-30 04:25:00,1.04233,1.04239,1.04217,1.04239,1.0423094
2025-01-30 04:30:00,1.04239,1.04244,1.04227,1.04239,1.0423202
2025-01-30 04:35:00,1.04238,1.04239,1.04217,1.04218,1.0423229999999999
2025-01-30 04:40:00,1.04219,1.04243,1.04217,1.04242,1.0423304
2025-01-30 04:45:00,1.04242,1.04244,1.04227,1.0423,1.042336
2025-01-30 04:50:00,1.04228,1.04253,1.04227,1.04251,1.0423464
2025-01-30 04:55:00,1.0425200000000001,1.0425200000000001,1.04225,1.0423,1.0423532
2025-01-30 05:00:00,1.04229,1.04237,1.04222,1.04234,1.0423588000000001
2025-01-30 05:05:00,1.0423499999999999,1.04244,1.04227,1.04239,1.0423656
2025-01-30 05:10:00,1.0424,1.04244,1.0423499999999999,1.04244,1.0423718
2025-01-30 05:15:00,1.04242,1.04254,1.04239,1.04248,1.0423796
2025-01-30 05:20:00,1.04248,1.04264,1.04242,1.04244,1.0423900000000001
2025-01-30 05:25:00,1.04246,1.0425,1.04243,1.04249,1.0423974
2025-01-30 05:30:00,1.0425200000000001,1.04259,1.04242,1.04243,1.0424026
2025-01-30 05:35:00,1.04243,1.04255,1.04223,1.04251,1.042409
2025-01-30 05:40:00,1.0425200000000001,1.04258,1.0425,1.04254,1.0424164
2025-01-30 05:45:00,1.04254,1.04255,1.04238,1.04249,1.042419
2025-01-30 05:50:00,1.0425,1.04259,1.04245,1.04253,1.0424182
2025-01-30 05:55:00,1.04254,1.04257,1.04247,1.04253,1.042416
2025-01-30 06:00:00,1.0425,1.04273,1.04249,1.04257,1.0424174
2025-01-30 06:05:00,1.04258,1.04274,1.04258,1.04266,1.0424216
2025-01-30 06:10:00,1.04266,1.04272,1.04253,1.04271,1.0424250000000002
2025-01-30 06:15:00,1.0427,1.0427,1.04248,1.04256,1.0424204
2025-01-30 06:20:00,1.04256,1.04262,1.04247,1.0425,1.0424152
2025-01-30 06:25:00,1.04249,1.0425,1.04231,1.04237,1.0424068
2025-01-30 06:30:00,1.04236,1.04237,1.04201,1.04208,1.0423934
2025-01-30 06:35:00,1.04209,1.04214,1.04187,1.04193,1.042378
2025-01-30 06:40:00,1.04192,1.04195,1.04176,1.04193,1.0423668
2025-01-30 06:45:00,1.04195,1.04202,1.04177,1.04187,1.0423524
2025-01-30 06:50:00,1.04186,1.042,1.04186,1.04196,1.0423376
2025-01-30 06:55:00,1.04195,1.04199,1.04182,1.04189,1.042322
2025-01-30 07:00:00,1.04189,1.04212,1.0418,1.04197,1.0423084
2025-01-30 07:05:00,1.04197,1.04199,1.04179,1.04188,1.042294
2025-01-30 07:10:00,1.04187,1.04188,1.04175,1.04188,1.0422888
2025-01-30 07:15:00,1.0419100000000001,1.04198,1.04188,1.04189,1.0422824
2025-01-30 07:20:00,1.04189,1.0419,1.04177,1.04188,1.0422742
2025-01-30 07:25:00,1.04188,1.04202,1.04187,1.042,1.0422719999999999
2025-01-30 07:30:00,1.04201,1.04215,1.04199,1.04214,1.0422756
2025-01-30 07:35:00,1.04213,1.04215,1.0419100000000001,1.04198,1.0422742
2025-01-30 07:40:00,1.04199,1.04209,1.04182,1.04187,1.0422684000000002
2025-01-30 07:45:00,1.04187,1.04195,1.04177,1.04185,1.0422614000000001
2025-01-30 07:50:00,1.04185,1.04204,1.04182,1.04202,1.0422593999999998
2025-01-30 07:55:00,1.04203,1.0422,1.04197,1.04217,1.0422604
2025-01-30 08:00:00,1.04218,1.04226,1.04197,1.04204,1.0422576
2025-01-30 08:05:00,1.04203,1.04215,1.04196,1.04196,1.0422568
2025-01-30 08:10:00,1.04195,1.04208,1.04166,1.04173,1.0422494
2025-01-30 08:15:00,1.04173,1.04188,1.0417,1.04172,1.0422344
2025-01-30 08:20:00,1.04172,1.0418,1.04156,1.04164,1.0422150000000001
2025-01-30 08:25:00,1.04164,1.0417,1.04136,1.04145,1.0421908
2025-01-30 08:30:00,1.04145,1.04152,1.04119,1.04124,1.0421688
2025-01-30 08:35:00,1.04122,1.04128,1.04107,1.04125,1.042146
2025-01-30 08:40:00,1.04126,1.04149,1.04126,1.04129,1.0421239999999998
2025-01-30 08:45:00,1.04129,1.04138,1.04117,1.04128,1.042106
2025-01-30 08:50:00,1.04138,1.04148,1.04128,1.04145,1.0420866000000002
2025-01-30 08:55:00,1.0414,1.04142,1.04123,1.04138,1.0420682
2025-01-30 09:00:00,1.04138,1.04139,1.04109,1.04112,1.0420403999999999
2025-01-30 09:05:00,1.04112,1.04128,1.04093,1.04108,1.042016
2025-01-30 09:10:00,1.04106,1.04135,1.04099,1.04129,1.041995
2025-01-30 09:15:00,1.04128,1.04131,1.0411299999999999,1.04125,1.0419722
2025-01-30 09:20:00,1.04124,1.04149,1.04118,1.04119,1.0419472
2025-01-30 09:25:00,1.04115,1.04156,1.04104,1.04144,1.0419264
2025-01-30 09:30:00,1.04143,1.04158,1.04126,1.04142,1.041906
2025-01-30 09:35:00,1.04142,1.04157,1.04137,1.04145,1.0418852
2025-01-30 09:40:00,1.04144,1.04207,1.04144,1.04202,1.0418770000000002
2025-01-30 09:45:00,1.04202,1.04203,1.0417399999999999,1.04184,1.0418636000000001
2025-01-30 09:50:00,1.04184,1.04212,1.04184,1.04212,1.0418551999999999
2025-01-30 09:55:00,1.04211,1.04237,1.04209,1.04232,1.0418517999999999
2025-01-30 10:00:00,1.04259,1.04288,1.04176,1.04242,1.0418496
2025-01-30 10:05:00,1.04236,1.0425,1.04203,1.04219,1.0418428
2025-01-30 10:10:00,1.04218,1.04246,1.04196,1.04203,1.041832
2025-01-30 10:15:00,1.04201,1.04216,1.04177,1.04214,1.0418216
2025-01-30 10:20:00,1.04213,1.0424,1.04205,1.04227,1.0418127999999998
2025-01-30 10:25:00,1.04225,1.04243,1.04213,1.04238,1.0418092
2025-01-30 10:30:00,1.0423499999999999,1.04239,1.04192,1.04228,1.0418048
2025-01-30 10:35:00,1.04227,1.04238,1.04193,1.04193,1.041796
2025-01-30 10:40:00,1.04193,1.04222,1.04161,1.0421,1.0417964
2025-01-30 10:45:00,1.0421,1.04239,1.04193,1.04239,1.0418056
2025-01-30 10:50:00,1.0424,1.0424,1.0419100000000001,1.04198,1.0418066000000001
2025-01-30 10:55:00,1.04198,1.04217,1.04187,1.04216,1.0418124
2025-01-30 11:00:00,1.04218,1.04223,1.04031,1.04048,1.0417828
2025-01-30 11:05:00,1.04048,1.04086,1.0403,1.04059,1.0417568
2025-01-30 11:10:00,1.04058,1.04096,1.04045,1.04096,1.0417366
2025-01-30 11:15:00,1.04097,1.04122,1.0409,1.04122,1.0417234
2025-01-30 11:20:00,1.04124,1.04133,1.04048,1.04054,1.0416966
2025-01-30 11:25:00,1.04054,1.04084,1.04034,1.04084,1.0416756
2025-01-30 11:30:00,1.04084,1.0411299999999999,1.04076,1.0411299999999999,1.0416606
2025-01-30 11:35:00,1.04114,1.04115,1.04034,1.04035,1.0416276
2025-01-30 11:40:00,1.04035,1.04065,1.0402,1.04053,1.0415954
2025-01-30 11:45:00,1.04055,1.04069,1.04046,1.0406,1.0415678
2025-01-30 11:50:00,1.0406,1.04085,1.04052,1.04062,1.0415428
2025-01-30 11:55:00,1.04059,1.04081,1.0405,1.04074,1.0415206000000001
2025-01-30 12:00:00,1.04072,1.04081,1.04034,1.04038,1.0414878
2025-01-30 12:05:00,1.04035,1.04081,1.04032,1.04076,1.0414596
2025-01-30 12:10:00,1.04075,1.04077,1.04046,1.0407,1.0414328
2025-01-30 12:15:00,1.04068,1.04092,1.04055,1.04061,1.0414058
2025-01-30 12:20:00,1.04061,1.0411,1.04047,1.04105,1.0413922
2025-01-30 12:25:00,1.04105,1.04115,1.04081,1.04098,1.0413774
2025-01-30 12:30:00,1.04097,1.04107,1.04081,1.04104,1.0413653999999999
2025-01-30 12:35:00,1.04101,1.04109,1.04081,1.04092,1.0413548
2025-01-30 12:40:00,1.04091,1.0412,1.0406,1.04061,1.0413421999999999
2025-01-30 12:45:00,1.0406,1.04064,1.04039,1.04042,1.0413256
2025-01-30 12:50:00,1.04041,1.04041,1.03958,1.04009,1.0413016
2025-01-30 12:55:00,1.04009,1.04021,1.03999,1.04006,1.0412772000000001
2025-01-30 13:00:00,1.04005,1.04005,1.03949,1.03957,1.0412396
2025-01-30 13:05:00,1.03956,1.03967,1.03939,1.0394,1.0412000000000001
2025-01-30 13:10:00,1.03939,1.03962,1.03928,1.03934,1.0411644000000002
2025-01-30 13:15:00,1.03935,1.03977,1.03928,1.03965,1.0411358
2025-01-30 13:20:00,1.03959,1.03961,1.03919,1.0393,1.041096
2025-01-30 13:25:00,1.0393,1.03942,1.03915,1.03942,1.0410594
2025-01-30 13:30:00,1.03942,1.03968,1.03942,1.0396,1.0410276
2025-01-30 13:35:00,1.03957,1.03983,1.03945,1.03981,1.040995
2025-01-30 13:40:00,1.03979,1.03998,1.03964,1.03983,1.0409632
2025-01-30 13:45:00,1.03982,1.03994,1.03955,1.03964,1.040927
2025-01-30 13:50:00,1.03964,1.03968,1.03947,1.03966,1.0408798
2025-01-30 13:55:00,1.03966,1.03971,1.03912,1.03917,1.0408264
2025-01-30 14:00:00,1.03917,1.0394,1.03901,1.03922,1.0407684000000001
2025-01-30 14:05:00,1.03923,1.03955,1.0392,1.03951,1.0407122000000002
2025-01-30 14:10:00,1.03951,1.03957,1.03932,1.03943,1.0406524
2025-01-30 14:15:00,1.03939,1.03976,1.03932,1.03967,1.040602
2025-01-30 14:20:00,1.03967,1.03987,1.03948,1.03986,1.0405586
2025-01-30 14:25:00,1.03986,1.0401,1.0398,1.0401,1.0405178
2025-01-30 14:30:00,1.04013,1.04014,1.0398,1.0399,1.0404704
2025-01-30 14:35:00,1.0399,1.04013,1.03986,1.03993,1.0404214
2025-01-30 14:40:00,1.03995,1.03999,1.03954,1.03999,1.0403756000000002
2025-01-30 14:45:00,1.03999,1.04039,1.03994,1.04035,1.0403440000000002
2025-01-30 14:50:00,1.04035,1.04058,1.04034,1.04051,1.0403121999999998
2025-01-30 14:55:00,1.04053,1.04054,1.0402,1.04033,1.040271
2025-01-30 15:00:00,1.04034,1.04053,1.04013,1.04044,1.0402402
2025-01-30 15:05:00,1.04043,1.04055,1.04023,1.04023,1.0402016
2025-01-30 15:10:00,1.04023,1.04053,1.04018,1.0405,1.040202
2025-01-30 15:15:00,1.04043,1.04089,1.04031,1.04046,1.0401993999999999
2025-01-30 15:20:00,1.04047,1.04142,1.04047,1.0413000000000001,1.0402062
2025-01-30 15:25:00,1.04129,1.04202,1.04115,1.04147,1.0402112
2025-01-30 15:30:00,1.04128,1.04155,1.0402,1.04096,1.0402196
2025-01-30 15:35:00,1.04098,1.04133,1.04053,1.04127,1.0402282
2025-01-30 15:40:00,1.04127,1.04198,1.04109,1.04149,1.0402354
2025-01-30 15:45:00,1.04147,1.04256,1.04147,1.0422,1.0402724
2025-01-30 15:50:00,1.04218,1.04344,1.04215,1.04254,1.0403126
2025-01-30 15:55:00,1.04261,1.04598,1.04261,1.04571,1.0404148
2025-01-30 16:00:00,1.04561,1.04676,1.0443,1.04466,1.0404956
2025-01-30 16:05:00,1.04467,1.04484,1.04351,1.04368,1.0405544
2025-01-30 16:10:00,1.04373,1.04389,1.04311,1.04382,1.0406232
2025-01-30 16:15:00,1.04379,1.04421,1.04315,1.04319,1.0406718
2025-01-30 16:20:00,1.04318,1.04396,1.04291,1.04364,1.0407306
2025-01-30 16:25:00,1.04364,1.04382,1.04305,1.04336,1.0407856
2025-01-30 16:30:00,1.04337,1.04363,1.04237,1.04237,1.0408119999999998
2025-01-30 16:35:00,1.04237,1.04324,1.04228,1.04256,1.0408436
2025-01-30 16:40:00,1.04256,1.0431300000000001,1.04253,1.04267,1.0408762
2025-01-30 16:45:00,1.04266,1.04271,1.04193,1.04241,1.0409059999999999
2025-01-30 16:50:00,1.04242,1.04291,1.04201,1.04274,1.0409486
2025-01-30 16:55:00,1.04274,1.04319,1.04264,1.04281,1.0409964
2025-01-30 17:00:00,1.04283,1.04365,1.04277,1.04349,1.0410644
2025-01-30 17:05:00,1.04343,1.044,1.0433,1.04354,1.041134
2025-01-30 17:10:00,1.04354,1.04395,1.04301,1.04328,1.0412082
2025-01-30 17:15:00,1.04328,1.04397,1.04328,1.04367,1.0412936000000002
2025-01-30 17:20:00,1.04364,1.04372,1.04333,1.04348,1.0413763999999999
2025-01-30 17:25:00,1.04349,1.04366,1.04312,1.04323,1.041448
2025-01-30 17:30:00,1.04322,1.04364,1.04312,1.04327,1.0415273999999999
2025-01-30 17:35:00,1.04327,1.04332,1.04269,1.04287,1.0415964
2025-01-30 17:40:00,1.04289,1.04423,1.04286,1.04352,1.0416748
2025-01-30 17:45:00,1.04352,1.04379,1.04275,1.04354,1.0417494
2025-01-30 17:50:00,1.04351,1.04387,1.0431,1.04323,1.0418174
2025-01-30 17:55:00,1.04323,1.04323,1.04282,1.0431300000000001,1.0418872000000001
2025-01-30 18:00:00,1.04309,1.04345,1.04271,1.04282,1.0419504
2025-01-30 18:05:00,1.04282,1.04318,1.04262,1.04264,1.0420197999999998
2025-01-30 18:10:00,1.04263,1.04311,1.04262,1.04302,1.0420958
2025-01-30 18:15:00,1.04305,1.04315,1.04258,1.04283,1.0421622
2025-01-30 18:20:00,1.04283,1.04286,1.0424,1.04243,1.0422222
2025-01-30 18:25:00,1.04242,1.0426,1.04225,1.04249,1.0422786000000002
2025-01-30 18:30:00,1.04248,1.04259,1.04217,1.04253,1.042332
2025-01-30 18:35:00,1.04258,1.04282,1.04236,1.04248,1.0423796
2025-01-30 18:40:00,1.04249,1.04262,1.04212,1.04218,1.0424252
2025-01-30 18:45:00,1.04218,1.04229,1.04168,1.04176,1.0424617999999999
2025-01-30 18:50:00,1.04176,1.04207,1.04171,1.04187,1.0424993999999999
2025-01-30 18:55:00,1.04187,1.04207,1.04172,1.04195,1.0425314
2025-01-30 19:00:00,1.04195,1.04211,1.0418,1.04194,1.04256
2025-01-30 19:05:00,1.04194,1.04201,1.04142,1.04151,1.0425836
2025-01-30 19:10:00,1.04147,1.0415,1.04095,1.04126,1.0426
2025-01-30 19:15:00,1.04124,1.04202,1.04094,1.04196,1.0426346
2025-01-30 19:20:00,1.04195,1.04231,1.04152,1.04178,1.0426602
2025-01-30 19:25:00,1.04179,1.04193,1.04133,1.04154,1.0426818
2025-01-30 19:30:00,1.04157,1.04177,1.04144,1.04154,1.0426866
2025-01-30 19:35:00,1.04152,1.04172,1.04149,1.04163,1.0426898
2025-01-30 19:40:00,1.04161,1.04168,1.04145,1.04156,1.0427018
2025-01-30 19:45:00,1.04157,1.04186,1.04149,1.04178,1.0427119999999999
2025-01-30 19:50:00,1.04179,1.04198,1.0415,1.04195,1.0427212
2025-01-30 19:55:00,1.04195,1.04196,1.04152,1.04169,1.042711
2025-01-30 20:00:00,1.04171,1.04195,1.04156,1.0419100000000001,1.0426984
2025-01-30 20:05:00,1.04195,1.04203,1.04176,1.04197,1.0426236
2025-01-30 20:10:00,1.04199,1.04213,1.04197,1.042,1.0425703999999998
2025-01-30 20:15:00,1.04202,1.04211,1.04185,1.04208,1.0425384000000002
2025-01-30 20:20:00,1.04208,1.04227,1.04208,1.0422,1.042506
2025-01-30 20:25:00,1.04219,1.04241,1.04209,1.04225,1.0424872
2025-01-30 20:30:00,1.04224,1.04247,1.04216,1.04243,1.0424630000000001
2025-01-30 20:35:00,1.04246,1.04247,1.04226,1.04234,1.0424426
2025-01-30 20:40:00,1.04233,1.04244,1.04223,1.04223,1.0424398000000001
2025-01-30 20:45:00,1.04224,1.0425200000000001,1.04224,1.04245,1.0424376
2025-01-30 20:50:00,1.04246,1.04254,1.04239,1.04253,1.0424347999999999
2025-01-30 20:55:00,1.0425200000000001,1.0425200000000001,1.04228,1.04251,1.0424368
2025-01-30 21:00:00,1.04249,1.04258,1.04239,1.04244,1.0424308
2025-01-30 21:05:00,1.04245,1.04259,1.04228,1.04229,1.0424204
2025-01-30 21:10:00,1.04233,1.04257,1.04232,1.0425200000000001,1.042401
2025-01-30 21:15:00,1.04254,1.0426,1.04233,1.04241,1.0423783999999998
2025-01-30 21:20:00,1.0424,1.0425200000000001,1.0423499999999999,1.04248,1.0423624
2025-01-30 21:25:00,1.04248,1.04261,1.04247,1.04259,1.0423407999999998
2025-01-30 21:30:00,1.04258,1.04272,1.0425200000000001,1.04272,1.0423256
2025-01-30 21:35:00,1.04272,1.04277,1.04264,1.04273,1.0423156
2025-01-30 21:40:00,1.04272,1.04285,1.04268,1.04278,1.0423058
2025-01-30 21:45:00,1.04278,1.04298,1.04274,1.04282,1.0423048
2025-01-30 21:50:00,1.04284,1.04293,1.04258,1.04272,1.0422888000000001
2025-01-30 21:55:00,1.04272,1.04301,1.0427,1.04279,1.0422738
2025-01-30 22:00:00,1.04282,1.04285,1.04262,1.04277,1.0422646
2025-01-30 22:05:00,1.04278,1.04278,1.04264,1.04267,1.0422554
2025-01-30 22:10:00,1.04266,1.04277,1.04265,1.04275,1.042254
2025-01-30 22:15:00,1.04275,1.04301,1.04274,1.04301,1.0422614000000001
2025-01-30 22:20:00,1.043,1.04305,1.04291,1.04293,1.0422596
2025-01-30 22:25:00,1.04292,1.0431,1.04291,1.04307,1.0422643999999999
2025-01-30 22:30:00,1.0431,1.04323,1.04309,1.0431300000000001,1.0422784
2025-01-30 22:35:00,1.0431300000000001,1.0432,1.03938,1.03939,1.0422164
2025-01-30 22:40:00,1.03922,1.03979,1.03861,1.03886,1.042143
2025-01-30 22:45:00,1.03882,1.0412,1.03879,1.04077,1.0421088
2025-01-30 22:50:00,1.04076,1.04092,1.04022,1.04058,1.0420768
2025-01-30 22:55:00,1.04056,1.04111,1.04019,1.04075,1.0420566
2025-01-30 23:00:00,1.04074,1.0414,1.04074,1.04103,1.0420398
2025-01-30 23:05:00,1.04105,1.04117,1.03876,1.0389,1.0419787999999999
2025-01-30 23:10:00,1.03889,1.03966,1.0387,1.03947,1.0419294000000001
2025-01-30 23:15:00,1.03947,1.03975,1.0391,1.03967,1.0418926
2025-01-30 23:20:00,1.03971,1.0398,1.03922,1.03924,1.0418522000000001
2025-01-30 23:25:00,1.03924,1.03933,1.03897,1.03927,1.0417984000000002
2025-01-30 23:30:00,1.03926,1.03963,1.03926,1.03943,1.0417513999999999
2025-01-30 23:35:00,1.03944,1.03947,1.03902,1.03937,1.041708
2025-01-30 23:40:00,1.03934,1.0394,1.0389,1.03925,1.0416622
2025-01-30 23:45:00,1.03925,1.03952,1.03909,1.03947,1.041619
2025-01-30 23:50:00,1.03948,1.03957,1.03919,1.03922,1.0415722
2025-01-30 23:55:00,1.03913,1.03934,1.03868,1.03868,1.0415102
2025-01-31 00:00:00,1.0381,1.03917,1.0381,1.03883,1.0414478
2025-01-31 00:05:00,1.03927,1.03927,1.03856,1.03877,1.0413894
2025-01-31 00:10:00,1.03877,1.03897,1.03874,1.03894,1.04133
2025-01-31 00:15:00,1.03908,1.03925,1.03888,1.03917,1.041274
2025-01-31 00:20:00,1.03892,1.03927,1.03888,1.03906,1.0412152000000001
2025-01-31 00:25:00,1.03907,1.03908,1.03876,1.03877,1.0411489999999999
2025-01-31 00:30:00,1.03878,1.03882,1.0387,1.03878,1.0410806000000001
2025-01-31 00:35:00,1.03878,1.03882,1.0387,1.03879,1.0410114
2025-01-31 00:40:00,1.03879,1.03883,1.03863,1.03879,1.0409385999999998
2025-01-31 00:45:00,1.03882,1.03883,1.03858,1.03862,1.0408642000000001
2025-01-31 00:50:00,1.03862,1.03871,1.03859,1.03862,1.040792
2025-01-31 00:55:00,1.03862,1.03875,1.03862,1.03875,1.040718
2025-01-31 01:00:00,1.03866,1.03889,1.03866,1.03885,1.0406444000000001
2025-01-31 01:05:00,1.03874,1.03888,1.03863,1.03879,1.04057
2025-01-31 01:10:00,1.03875,1.03875,1.03848,1.03868,1.0404947999999998
2025-01-31 01:15:00,1.03868,1.03884,1.03863,1.03883,1.0404256
2025-01-31 01:20:00,1.03883,1.03895,1.03879,1.03893,1.0403538
2025-01-31 01:25:00,1.03892,1.03913,1.03889,1.03911,1.0402878000000002
2025-01-31 01:30:00,1.03912,1.03916,1.03904,1.03916,1.0402213999999999
2025-01-31 01:35:00,1.03916,1.03942,1.03915,1.03939,1.0401574
2025-01-31 01:40:00,1.0394,1.03963,1.03939,1.03957,1.0400944
2025-01-31 01:45:00,1.03955,1.03967,1.03951,1.03963,1.0400324
2025-01-31 01:50:00,1.03963,1.03963,1.03936,1.03941,1.039965
2025-01-31 01:55:00,1.03941,1.0398,1.0394,1.03967,1.039902
2025-01-31 02:00:00,1.03967,1.04002,1.03959,1.03996,1.0398468
2025-01-31 02:05:00,1.03994,1.04022,1.03992,1.04011,1.0397932
2025-01-31 02:10:00,1.04012,1.0402,1.03983,1.03986,1.039735
2025-01-31 02:15:00,1.03987,1.0399,1.0396,1.03983,1.0396782
2025-01-31 02:20:00,1.03984,1.03986,1.03976,1.03979,1.039619
2025-01-31 02:25:00,1.03979,1.0398,1.03964,1.03966,1.039552
2025-01-31 02:30:00,1.03965,1.03976,1.03947,1.03947,1.0394828
2025-01-31 02:35:00,1.03947,1.03949,1.03929,1.03935,1.0394084000000001
2025-01-31 02:40:00,1.03935,1.03936,1.03899,1.039,1.0393258
2025-01-31 02:45:00,1.039,1.03904,1.03855,1.03872,1.0393124
2025-01-31 02:50:00,1.03872,1.03888,1.03851,1.03854,1.039306
2025-01-31 02:55:00,1.03856,1.03873,1.03854,1.03867,1.039264
2025-01-31 03:00:00,1.03862,1.03883,1.03852,1.03878,1.039228
2025-01-31 03:05:00,1.03878,1.03914,1.03872,1.03887,1.0391903999999998
2025-01-31 03:10:00,1.03886,1.03896,1.03871,1.03885,1.0391468000000001
2025-01-31 03:15:00,1.03885,1.0389,1.03872,1.03881,1.039145
2025-01-31 03:20:00,1.03882,1.03896,1.0388,1.03883,1.0391322
2025-01-31 03:25:00,1.03882,1.03898,1.03766,1.03864,1.0391116
2025-01-31 03:30:00,1.03864,1.03913,1.03864,1.03903,1.0391074
2025-01-31 03:35:00,1.03906,1.03923,1.03886,1.0392,1.0391059999999999
2025-01-31 03:40:00,1.03918,1.03918,1.03878,1.03878,1.039093
2025-01-31 03:45:00,1.03878,1.03904,1.03875,1.03896,1.0390848000000001
2025-01-31 03:50:00,1.03893,1.03893,1.03857,1.03873,1.0390744
2025-01-31 03:55:00,1.03872,1.03893,1.03866,1.03885,1.039062
2025-01-31 04:00:00,1.03886,1.03912,1.03886,1.03907,1.039059
2025-01-31 04:05:00,1.03907,1.03907,1.03867,1.0387,1.0390594
2025-01-31 04:10:00,1.03869,1.03911,1.03869,1.03903,1.0390634
2025-01-31 04:15:00,1.03903,1.03927,1.03903,1.03923,1.0390726000000001
2025-01-31 04:20:00,1.03923,1.03927,1.03908,1.03923,1.0390784
2025-01-31 04:25:00,1.03924,1.03931,1.03904,1.03905,1.039076
2025-01-31 04:30:00,1.03902,1.03921,1.03895,1.03918,1.0390784000000002
2025-01-31 04:35:00,1.0392,1.03927,1.0391,1.03914,1.0390858
2025-01-31 04:40:00,1.03913,1.03949,1.03913,1.03928,1.0390958000000001
2025-01-31 04:45:00,1.03929,1.03932,1.03902,1.03916,1.0391032
2025-01-31 04:50:00,1.03916,1.03933,1.03911,1.03932,1.0391138
2025-01-31 04:55:00,1.03932,1.03934,1.03893,1.03894,1.0391202
2025-01-31 05:00:00,1.03893,1.03901,1.03866,1.03866,1.039121
2025-01-31 05:05:00,1.03866,1.03866,1.0384,1.03863,1.0391186
2025-01-31 05:10:00,1.03864,1.03896,1.03864,1.03895,1.0391206
2025-01-31 05:15:00,1.03896,1.03913,1.03895,1.03897,1.0391242
2025-01-31 05:20:00,1.03896,1.03903,1.03881,1.03888,1.0391282000000002
2025-01-31 05:25:00,1.0389,1.03895,1.03875,1.03878,1.0391272
2025-01-31 05:30:00,1.03878,1.03892,1.03876,1.03884,1.0391253999999999
2025-01-31 05:35:00,1.03884,1.03888,1.03872,1.03875,1.0391181999999999
2025-01-31 05:40:00,1.03876,1.03881,1.03866,1.03877,1.0391104
2025-01-31 05:45:00,1.03877,1.03881,1.03865,1.03868,1.0390962
2025-01-31 05:50:00,1.03869,1.03873,1.03841,1.03842,1.0390732
2025-01-31 05:55:00,1.03844,1.0385,1.03836,1.03848,1.0390502
2025-01-31 06:00:00,1.03849,1.0385,1.03833,1.03837,1.0390294
2025-01-31 06:05:00,1.03837,1.03845,1.03833,1.03836,1.0390032
2025-01-31 06:10:00,1.03835,1.03848,1.03827,1.03848,1.0389735999999998
2025-01-31 06:15:00,1.03847,1.03853,1.03833,1.03848,1.0389410000000001
2025-01-31 06:20:00,1.03849,1.0385,1.03841,1.03846,1.038913
2025-01-31 06:25:00,1.03847,1.03862,1.03847,1.03861,1.0388886000000002
2025-01-31 06:30:00,1.0386,1.03861,1.03836,1.03839,1.0388606
2025-01-31 06:35:00,1.0384,1.03863,1.03837,1.03863,1.03884
2025-01-31 06:40:00,1.03864,1.03886,1.03864,1.03883,1.0388271999999998
2025-01-31 06:45:00,1.03887,1.03897,1.03872,1.03891,1.0388184
2025-01-31 06:50:00,1.03892,1.03897,1.03871,1.03871,1.0388126
2025-01-31 06:55:00,1.03869,1.03882,1.03864,1.03873,1.0388128
2025-01-31 07:00:00,1.03871,1.03898,1.03863,1.03898,1.0388216
2025-01-31 07:05:00,1.03897,1.03906,1.03895,1.03897,1.0388276
2025-01-31 07:10:00,1.03897,1.039,1.03887,1.03893,1.0388305999999998
2025-01-31 07:15:00,1.03892,1.03894,1.03879,1.03893,1.0388317999999999
2025-01-31 07:20:00,1.03892,1.03897,1.03873,1.03873,1.0388294
2025-01-31 07:25:00,1.03873,1.03875,1.03866,1.03873,1.0388278
2025-01-31 07:30:00,1.0387,1.03872,1.03852,1.03854,1.038822
2025-01-31 07:35:00,1.03855,1.03871,1.03845,1.03862,1.0388216
2025-01-31 07:40:00,1.03862,1.03872,1.03857,1.03865,1.038814
2025-01-31 07:45:00,1.03865,1.03878,1.03863,1.03874,1.0388048
2025-01-31 07:50:00,1.03875,1.03892,1.03867,1.03891,1.0388074
2025-01-31 07:55:00,1.03891,1.03893,1.03867,1.03887,1.0388055999999999
2025-01-31 08:00:00,1.03887,1.03893,1.03876,1.03883,1.0388076
2025-01-31 08:05:00,1.03884,1.03892,1.03881,1.03888,1.0388082
2025-01-31 08:10:00,1.03888,1.0389,1.03873,1.03884,1.0388036
2025-01-31 08:15:00,1.03887,1.03892,1.03876,1.03879,1.0388054
2025-01-31 08:20:00,1.03879,1.039,1.03879,1.03889,1.0388026000000001
2025-01-31 08:25:00,1.03887,1.03906,1.03876,1.03905,1.038799
2025-01-31 08:30:00,1.03906,1.03928,1.03904,1.03915,1.0387974
2025-01-31 08:35:00,1.03915,1.03938,1.03908,1.03937,1.0388038
2025-01-31 08:40:00,1.03937,1.0394,1.03926,1.0394,1.0388082
2025-01-31 08:45:00,1.03939,1.03954,1.03931,1.03952,1.0388158
2025-01-31 08:50:00,1.0395,1.03953,1.03927,1.03935,1.0388172
2025-01-31 08:55:00,1.03934,1.03947,1.03925,1.03944,1.0388228000000002
2025-01-31 09:00:00,1.03943,1.03967,1.03917,1.03967,1.0388297999999998
2025-01-31 09:05:00,1.03969,1.04005,1.03969,1.03972,1.0388454
2025-01-31 09:10:00,1.03972,1.03997,1.03951,1.03982,1.0388686
2025-01-31 09:15:00,1.03981,1.04004,1.03969,1.03974,1.0388908000000001
2025-01-31 09:20:00,1.03973,1.0404,1.03973,1.04032,1.0389182000000001
2025-01-31 09:25:00,1.04036,1.04042,1.0401,1.04036,1.038946
2025-01-31 09:30:00,1.04036,1.04085,1.04036,1.04078,1.038984
2025-01-31 09:35:00,1.04077,1.04126,1.04074,1.041,1.0390284
2025-01-31 09:40:00,1.04101,1.04117,1.04084,1.0411,1.0390736
2025-01-31 09:45:00,1.04084,1.0411,1.04017,1.04019,1.0391024
2025-01-31 09:50:00,1.0402,1.04026,1.03967,1.04017,1.0391304000000001
2025-01-31 09:55:00,1.04019,1.04063,1.04013,1.04042,1.0391652
2025-01-31 10:00:00,1.04041,1.04067,1.04025,1.0404,1.0392048
2025-01-31 10:05:00,1.0404,1.04043,1.03962,1.03976,1.0392304
2025-01-31 10:10:00,1.03977,1.03998,1.03935,1.03988,1.0392606
2025-01-31 10:15:00,1.03988,1.03993,1.03936,1.03943,1.039282
2025-01-31 10:20:00,1.03943,1.03958,1.03904,1.03928,1.039298
2025-01-31 10:25:00,1.03927,1.03945,1.03906,1.03912,1.0393108
2025-01-31 10:30:00,1.03913,1.03915,1.03866,1.03867,1.039315
2025-01-31 10:35:00,1.03867,1.03885,1.03854,1.03864,1.0393156
2025-01-31 10:40:00,1.03858,1.03885,1.03851,1.03871,1.0393219999999999
2025-01-31 10:45:00,1.0387,1.03894,1.03852,1.03877,1.0393248
2025-01-31 10:50:00,1.03874,1.0388,1.038,1.03847,1.0393176
2025-01-31 10:55:00,1.03849,1.03873,1.03822,1.03842,1.0393078
2025-01-31 11:00:00,1.03841,1.03841,1.0365199999999999,1.0369,1.0392716
2025-01-31 11:05:00,1.0369,1.03775,1.03678,1.03769,1.0392508
2025-01-31 11:10:00,1.03772,1.03796,1.03713,1.03719,1.039215
2025-01-31 11:15:00,1.03719,1.03737,1.03672,1.03721,1.0391798
2025-01-31 11:20:00,1.03721,1.03721,1.03662,1.0369,1.0391392000000002
2025-01-31 11:25:00,1.03691,1.03705,1.03677,1.03677,1.039096
2025-01-31 11:30:00,1.03675,1.03719,1.03659,1.03717,1.0390648
2025-01-31 11:35:00,1.03718,1.03773,1.03718,1.0377,1.0390442
2025-01-31 11:40:00,1.03769,1.03816,1.0376,1.03774,1.0390282
2025-01-31 11:45:00,1.03775,1.03789,1.03754,1.03774,1.0390106000000001
2025-01-31 11:50:00,1.03773,1.03818,1.03747,1.03812,1.039
2025-01-31 11:55:00,1.03813,1.03847,1.03808,1.03834,1.038992
2025-01-31 12:00:00,1.03833,1.03834,1.03783,1.03822,1.0389781999999999
2025-01-31 12:05:00,1.03823,1.03833,1.03796,1.03818,1.0389644000000002
2025-01-31 12:10:00,1.03815,1.03816,1.03746,1.03757,1.0389392
2025-01-31 12:15:00,1.03757,1.03791,1.03737,1.03784,1.0389184
2025-01-31 12:20:00,1.03783,1.03828,1.03778,1.03828,1.0389072
2025-01-31 12:25:00,1.03828,1.03836,1.03816,1.0382,1.0388954
2025-01-31 12:30:00,1.0382,1.03833,1.0381,1.03823,1.0388822
2025-01-31 12:35:00,1.03823,1.03823,1.03769,1.03789,1.038859
2025-01-31 12:40:00,1.03788,1.03802,1.03754,1.03801,1.0388362
2025-01-31 12:45:00,1.03802,1.03818,1.03782,1.03792,1.0388072
2025-01-31 12:50:00,1.03793,1.03794,1.03768,1.03792,1.0387776
2025-01-31 12:55:00,1.03792,1.03792,1.03748,1.03762,1.0387396
2025-01-31 13:00:00,1.03763,1.03768,1.03743,1.03767,1.0387060000000001
2025-01-31 13:05:00,1.03767,1.03799,1.03761,1.03787,1.0386746
2025-01-31 13:10:00,1.03788,1.03792,1.03773,1.03783,1.0386378
2025-01-31 13:15:00,1.03783,1.03798,1.03773,1.03789,1.0386012
2025-01-31 13:20:00,1.03791,1.03792,1.03723,1.03733,1.0385514
2025-01-31 13:25:00,1.03731,1.03763,1.03725,1.03756,1.0385078
2025-01-31 13:30:00,1.03757,1.03765,1.03734,1.03759,1.0384532
2025-01-31 13:35:00,1.03758,1.03784,1.03747,1.03781,1.0384022
2025-01-31 13:40:00,1.03781,1.0379,1.03769,1.03776,1.0383418
2025-01-31 13:45:00,1.03775,1.03779,1.03739,1.03748,1.0382714000000002
2025-01-31 13:50:00,1.03748,1.03759,1.03734,1.03741,1.0381976
2025-01-31 13:55:00,1.0374,1.03775,1.03719,1.03757,1.0381452
2025-01-31 14:00:00,1.0376,1.0379,1.0376,1.03781,1.038098
2025-01-31 14:05:00,1.03781,1.03808,1.03764,1.03779,1.0380454000000001
2025-01-31 14:10:00,1.03779,1.03788,1.03744,1.03757,1.0379888
2025-01-31 14:15:00,1.03758,1.03803,1.03755,1.03803,1.0379542000000002
2025-01-31 14:20:00,1.03803,1.03844,1.03802,1.03837,1.037924
2025-01-31 14:25:00,1.03837,1.03854,1.03813,1.03818,1.0378990000000001
2025-01-31 14:30:00,1.0382,1.03837,1.03798,1.03798,1.037873
2025-01-31 14:35:00,1.03798,1.03833,1.03794,1.03797,1.03785
2025-01-31 14:40:00,1.03796,1.03823,1.03784,1.03823,1.0378412
2025-01-31 14:45:00,1.03823,1.03833,1.03801,1.03804,1.0378292
2025-01-31 14:50:00,1.03804,1.03813,1.03775,1.03812,1.0378174
2025-01-31 14:55:00,1.03812,1.03842,1.0381,1.03825,1.037807
2025-01-31 15:00:00,1.03828,1.03874,1.03818,1.03862,1.03781
2025-01-31 15:05:00,1.03857,1.03932,1.03846,1.03929,1.0378274
2025-01-31 15:10:00,1.03929,1.03949,1.03917,1.03934,1.0378762000000001
2025-01-31 15:15:00,1.03936,1.03951,1.03902,1.03929,1.0379082
2025-01-31 15:20:00,1.0393,1.0393,1.03862,1.03863,1.037937
2025-01-31 15:25:00,1.03862,1.03901,1.03855,1.03891,1.037971
2025-01-31 15:30:00,1.03891,1.03894,1.03815,1.03828,1.0379986
2025-01-31 15:35:00,1.03825,1.03862,1.03783,1.03838,1.0380308
2025-01-31 15:40:00,1.03838,1.03839,1.03787,1.03805,1.0380484
2025-01-31 15:45:00,1.03805,1.03828,1.03768,1.03804,1.0380552
2025-01-31 15:50:00,1.03804,1.03835,1.0377,1.0382,1.0380643999999999
2025-01-31 15:55:00,1.03823,1.03836,1.03798,1.0382,1.0380736
2025-01-31 16:00:00,1.03824,1.03825,1.03781,1.03794,1.03807
2025-01-31 16:05:00,1.03795,1.038,1.03741,1.03761,1.0380554000000002
2025-01-31 16:10:00,1.03759,1.03759,1.03672,1.03699,1.0380308
2025-01-31 16:15:00,1.03699,1.0372,1.0366900000000001,1.03719,1.038011
2025-01-31 16:20:00,1.03719,1.03756,1.03719,1.03736,1.0380068
2025-01-31 16:25:00,1.03735,1.03765,1.03734,1.03751,1.0380002
2025-01-31 16:30:00,1.03752,1.03754,1.0369,1.03698,1.0379742
2025-01-31 16:35:00,1.03702,1.03742,1.03679,1.03696,1.0379494
2025-01-31 16:40:00,1.03693,1.03723,1.0368,1.03714,1.0379276
2025-01-31 16:45:00,1.03715,1.03751,1.03692,1.03745,1.0379188000000001
2025-01-31 16:50:00,1.03745,1.0378,1.03728,1.03735,1.0379056
2025-01-31 16:55:00,1.03739,1.03753,1.03679,1.03685,1.0378842
2025-01-31 17:00:00,1.0369,1.0369,1.03603,1.0360800000000001,1.0378474
2025-01-31 17:05:00,1.03609,1.0365,1.03605,1.03638,1.0378226000000002
2025-01-31 17:10:00,1.0364,1.03704,1.03638,1.03703,1.0378098
2025-01-31 17:15:00,1.03703,1.03707,1.03666,1.03677,1.0377878
2025-01-31 17:20:00,1.03679,1.03698,1.03636,1.0369,1.0377692
2025-01-31 17:25:00,1.0369,1.03752,1.0369,1.03751,1.0377616
2025-01-31 17:30:00,1.03756,1.03787,1.03717,1.03784,1.0377718
2025-01-31 17:35:00,1.03782,1.03818,1.03733,1.03803,1.0377812
2025-01-31 17:40:00,1.03804,1.03837,1.03785,1.03785,1.0377863999999999
2025-01-31 17:45:00,1.03784,1.0388,1.0378,1.03851,1.0378004
2025-01-31 17:50:00,1.03849,1.03883,1.03798,1.0388,1.0378212
2025-01-31 17:55:00,1.03879,1.04006,1.03879,1.03963,1.0378642
2025-01-31 18:00:00,1.03959,1.03963,1.03909,1.03935,1.037903
2025-01-31 18:05:00,1.03933,1.03939,1.03902,1.03913,1.0379342
2025-01-31 18:10:00,1.0391,1.03914,1.03883,1.03889,1.0379558
2025-01-31 18:15:00,1.03894,1.03918,1.03863,1.03917,1.0379834
2025-01-31 18:20:00,1.0392,1.03938,1.03906,1.03935,1.038019
2025-01-31 18:25:00,1.03936,1.03957,1.03921,1.03953,1.038049
2025-01-31 18:30:00,1.03952,1.0403,1.03931,1.03988,1.0380791999999999
